Description,Pro?,Unlock?,Max?,Color,GB,Price
iPhone 11 Pro Max 512GB - Midnight Green Unlocked,1,1,1,Midnight Green,512GB,1179.99
iPhone 11 256GB - Purple Unlocked,0,1,0,Purple,256GB,709.99
iPhone 11 64GB - Black Unlocked,0,1,0,Black,64GB,631
iPhone 11 Pro Max 512GB - Silver Unlocked,1,1,1,Silver,512GB,1179.99
iPhone 11 Pro 512GB - Silver Unlocked,1,1,0,Silver,512GB,929.97
iPhone 11 128GB - Black Unlocked,0,1,0,Black,128GB,661.99
iPhone 11 Pro 256GB - Space Gray Unlocked,1,1,0,Space Gray,256GB,922.99
iPhone 11 128GB - Red Unlocked,0,1,0,Red,128GB,718
iPhone 11 Pro 64GB - Space Gray Unlocked,1,1,0,Space Gray,64GB,854.99
iPhone 11 Pro 256GB - Midnight Green Unlocked,1,1,0,Midnight Green,256GB,938.99
iPhone 11 Pro 512GB - Space Gray Unlocked,1,1,0,Space Gray,512GB,1049.99
iPhone 11 Pro Max 64GB - Silver Unlocked,1,1,1,Silver,64GB,999
iPhone 11 64GB - Purple Unlocked,0,1,0,Purple,64GB,650
iPhone 11 64GB - White Unlocked,0,1,0,White,64GB,663
iPhone 11 128GB - White Unlocked,0,1,0,White,128GB,720
iPhone 11 Pro 256GB - Gold Unlocked,1,1,0,Gold,256GB,979.99
iPhone 11 Pro Max 256GB - Midnight Green Unlocked,1,1,1,Midnight Green,256GB,1070.99
iPhone 11 64GB - Green Unlocked,0,1,0,Green,64GB,675
iPhone 11 Pro 256GB - Silver Unlocked,1,1,0,Silver,256GB,989.99
iPhone 11 64GB - Black T-Mobile,0,0,0,Black,64GB,604.99
iPhone 11 256GB - Black Unlocked,0,1,0,Black,256GB,709.99
iPhone 11 Pro 64GB - Gold Unlocked,1,1,0,Gold,64GB,849
iPhone 11 Pro Max 64GB - Midnight Green Unlocked,1,1,1,Midnight Green,64GB,899
iPhone 11 64GB - Purple T-Mobile,0,0,0,Purple,64GB,629
iPhone 11 256GB - Green Unlocked,0,1,0,Green,256GB,724.99
iPhone 11 Pro 512GB - Midnight Green Unlocked,1,1,0,Midnight Green,512GB,1034.99
iPhone 11 Pro Max 256GB - Silver Unlocked,1,1,1,Silver,256GB,1129.99
iPhone 11 64GB - Red Unlocked,0,1,0,Red,64GB,650
iPhone 11 Pro 512GB - Gold Unlocked,1,1,0,Gold,512GB,1064.99
iPhone 11 Pro Max 256GB - Space Gray Unlocked,1,1,1,Space Gray,256GB,1089.99
iPhone 11 Pro Max 256GB - Gold Unlocked,1,1,1,Gold,256GB,1109.99
iPhone 11 Pro Max 512GB - Gold Unlocked,1,1,1,Gold,512GB,1179.99
iPhone 11 256GB - Red Unlocked,0,1,0,Red,256GB,709.99
iPhone 11 Pro Max 64GB - Space Gray Unlocked,1,1,1,Space Gray,64GB,899
iPhone 11 Pro Max 64GB - Gold Unlocked,1,1,1,Gold,64GB,969
iPhone 11 Pro Max 256GB - Space Gray Unlocked,1,1,1,Space Gray,256GB,1072.99
iPhone 11 64GB - Red - T-Mobile,0,0,0,Red,64GB,599
iPhone 11 128GB - Green Unlocked,0,1,0,Green,128GB,699.99
iPhone 11 Pro 64GB - Silver Unlocked,1,1,0,Silver,64GB,864.99
iPhone 11 Pro Max 256GB - Gold AT&T,1,0,1,Gold,256GB,869.99
iPhone 11 Pro 64GB - Midnight Green Unlocked,1,1,0,Midnight Green,64GB,869.99
Ocean Turquoise (Turtle Edition) Eco-Friendly Phone iPhone 11 Case,0,0,0,0,0,45.95
iPhone 11 64GB - White T-Mobile,0,0,0,White,64GB,629
iPhone 11 64GB - Red AT&T,0,0,0,Red,64GB,653
iPhone 11 Pro Max 64GB - Midnight Green AT&T,1,0,1,Midnight Green,64GB,923.99
iPhone 11 Pro Max 512GB - Space Gray Unlocked,1,1,1,Space Gray,512GB,1167.99
Ocean Turquoise (Turtle Edition) Eco-Friendly Phone iPhone 11 Pro Max Case,1,0,1,0,0,45.95
iPhone 11 64GB - Red AT&T,0,0,0,Red,64GB,686
iPhone 11 64GB - Red T-Mobile,0,0,0,Red,64GB,708
iPhone 11 128GB - Red - Verizon,0,0,0,Red,128GB,741
iPhone 11 128GB - Green Verizon,0,0,0,Green,128GB,797
iPhone 11 Pro 64GB - Space Gray Verizon,1,0,0,Space Gray,64GB,829
iPhone 11 Pro 64GB - Silver T-Mobile,1,0,0,Silver,64GB,849.99
iPhone 11 Pro 64GB - Silver AT&T,1,0,0,Silver,64GB,849.99
iPhone 11 pro max 64GB - Space Gray AT&T,0,0,0,Space Gray,64GB,869
iPhone 11 Pro Max 64GB - Space Gray Unlocked,1,1,1,Space Gray,64GB,915
iPhone 11 Pro Max 64GB - Space Gray T-Mobile,1,0,1,Space Gray,64GB,920
iPhone 11 Pro 256GB - Silver AT&T,1,0,0,Silver,256GB,923.99
iPhone 11 Pro 256GB - Midnight Green Verizon,1,0,0,Midnight Green,256GB,933.99
iPhone 11 Pro Max 64GB - Midnight Green Unlocked,1,1,1,Midnight Green,64GB,979
iPhone 11 Pro 256GB - Midnight Green T-Mobile,1,0,0,Midnight Green,256GB,989.99
iPhone 11 Pro Max 256GB - Gold T-Mobile,1,0,1,Gold,256GB,1050
iPhone 11 64GB - Yellow T-Mobile,0,0,0,Yellow,64GB,609
iPhone 11 64GB - Red Verizon,0,0,0,Red,64GB,629.99
iPhone 11 64GB - Black Verizon,0,0,0,Black,64GB,633
iPhone 11 64GB - Black - Verizon,0,0,0,Black,64GB,650
iPhone 11 128GB - Purple Verizon,0,0,0,Purple,128GB,658.99
iPhone 11 128GB - Red T-Mobile,0,0,0,Red,128GB,659
iPhone 11 128GB - Black T-Mobile,0,0,0,Black,128GB,659
iPhone 11 64GB - Purple Sprint,0,0,0,Purple,64GB,661
iPhone 11 64GB - Green T-Mobile,0,0,0,Green,64GB,669
iPhone 11 64GB - White T-Mobile,0,0,0,White,64GB,669
iPhone 11 64GB - Black T-Mobile,0,0,0,Black,64GB,669
iPhone 11 64GB - Black Verizon,0,0,0,Black,64GB,669
iPhone 11 64GB - Red - Sprint,0,0,0,Red,64GB,674
iPhone 11 64GB (Dual Sim) - Red Unlocked,0,1,0,Red,64GB,674.99
iPhone 11 64GB - Red Unlocked,0,1,0,Red,64GB,674.99
iPhone 11 64GB - Red Unlocked,0,1,0,Red,64GB,674.99
iPhone 11 64GB - Black Unlocked,0,1,0,Black,64GB,674.99
iPhone 11 64GB - Black Unlocked,0,1,0,Black,64GB,679.99
iPhone 11 64GB - White Unlocked,0,1,0,White,64GB,684.99
iPhone 11 64GB - Red AT&T,0,0,0,Red,64GB,686
iPhone 11 64GB - Red AT&T,0,0,0,Red,64GB,686
iPhone 11 64GB - Red AT&T,0,0,0,Red,64GB,686
iPhone 11 64GB - Red AT&T,0,0,0,Red,64GB,686
iPhone 11 64GB - Red AT&T,0,0,0,Red,64GB,686
iPhone 11 64GB - Red AT&T,0,0,0,Red,64GB,686
iPhone 11 64GB - Red AT&T,0,0,0,Red,64GB,686
iPhone 11 64GB - Green Verizon,0,0,0,Green,64GB,688
iPhone 11 64GB - Red Verizon,0,0,0,Red,64GB,688
iPhone 11 64GB - White Verizon,0,0,0,White,64GB,689.99
iPhone 11 128GB - Black AT&T,0,0,0,Black,128GB,689.99
iPhone 11 64GB - Red - Verizon,0,0,0,Red,64GB,692
iPhone 11 128GB - Black - AT&T,0,0,0,Black,128GB,695
iPhone 11 128GB - Black - AT&T,0,0,0,Black,128GB,695
iPhone 11 128GB - Black - AT&T,0,0,0,Black,128GB,695
iPhone 11 128GB - Black - AT&T,0,0,0,Black,128GB,695
iPhone 11 128GB - Black - AT&T,0,0,0,Black,128GB,695
iPhone 11 128GB - Black - AT&T,0,0,0,Black,128GB,695
iPhone 11 128GB - Purple Verizon,0,0,0,Purple,128GB,699
iPhone 11 64GB - Black - Verizon,0,0,0,Black,64GB,702
iPhone 11 64GB - Purple Verizon,0,0,0,Purple,64GB,702
iPhone 11 64GB - Purple Verizon,0,0,0,Purple,64GB,702
iPhone 11 64GB - Purple Verizon,0,0,0,Purple,64GB,702
iPhone 11 64GB - Purple Verizon,0,0,0,Purple,64GB,702
iPhone 11 64GB - Purple Verizon,0,0,0,Purple,64GB,702
iPhone 11 64GB - Purple Verizon,0,0,0,Purple,64GB,702
iPhone 11 64GB - Purple Verizon,0,0,0,Purple,64GB,702
iPhone 11 64GB - Purple Verizon,0,0,0,Purple,64GB,702
iPhone 11 64GB - Purple Verizon,0,0,0,Purple,64GB,702
iPhone 11 64GB - Purple Verizon,0,0,0,Purple,64GB,702
iPhone 11 64GB - Purple Verizon,0,0,0,Purple,64GB,702
iPhone 11 64GB - Black Straight Talk,0,0,0,Black,64GB,702
iPhone 11 64GB - Black - Verizon,0,0,0,Black,64GB,702
iPhone 11 64GB - Black - Verizon,0,0,0,Black,64GB,702
iPhone 11 64GB - Black - Verizon,0,0,0,Black,64GB,702
iPhone 11 64GB - Black - Verizon,0,0,0,Black,64GB,702
iPhone 11 64GB - Red Verizon,0,0,0,Red,64GB,703
iPhone 11 64GB - White Verizon,0,0,0,White,64GB,703
iPhone 11 64GB - Red Verizon,0,0,0,Red,64GB,703
iPhone 11 64GB - Red Verizon,0,0,0,Red,64GB,703
iPhone 11 64GB - White Verizon,0,0,0,White,64GB,703
iPhone 11 64GB - White - Verizon,0,0,0,White,64GB,703
iPhone 11 64GB - Yellow - AT&T,0,0,0,Yellow,64GB,703
iPhone 11 64GB - Yellow - AT&T,0,0,0,Yellow,64GB,703
iPhone 11 64GB - Yellow - AT&T,0,0,0,Yellow,64GB,703
iPhone 11 64GB - Yellow - AT&T,0,0,0,Yellow,64GB,703
iPhone 11 64GB - Yellow - AT&T,0,0,0,Yellow,64GB,703
iPhone 11 64GB - Yellow - AT&T,0,0,0,Yellow,64GB,703
iPhone 11 64GB - White Verizon,0,0,0,White,64GB,703
iPhone 11 64GB - White Verizon,0,0,0,White,64GB,703
iPhone 11 64GB - White Verizon,0,0,0,White,64GB,703
iPhone 11 64GB - White Verizon,0,0,0,White,64GB,703
iPhone 11 64GB - White Verizon,0,0,0,White,64GB,703
iPhone 11 64GB - White Verizon,0,0,0,White,64GB,703
iPhone 11 64GB - White Verizon,0,0,0,White,64GB,703
iPhone 11 64GB - White Verizon,0,0,0,White,64GB,703
iPhone 11 64GB - White Verizon,0,0,0,White,64GB,703
iPhone 11 64GB - White Verizon,0,0,0,White,64GB,703
iPhone 11 64GB - White Verizon,0,0,0,White,64GB,703
iPhone 11 64GB - Green Verizon,0,0,0,Green,64GB,703
iPhone 11 64GB - Green Verizon,0,0,0,Green,64GB,703
iPhone 11 64GB - Green Verizon,0,0,0,Green,64GB,703
iPhone 11 64GB - Green Verizon,0,0,0,Green,64GB,703
iPhone 11 64GB - Green Verizon,0,0,0,Green,64GB,703
iPhone 11 64GB - Green Verizon,0,0,0,Green,64GB,703
iPhone 11 64GB - Green Verizon,0,0,0,Green,64GB,703
iPhone 11 64GB - Green Verizon,0,0,0,Green,64GB,703
iPhone 11 64GB - Green Verizon,0,0,0,Green,64GB,703
iPhone 11 64GB - Green Verizon,0,0,0,Green,64GB,703
iPhone 11 64GB - Green Verizon,0,0,0,Green,64GB,703
iPhone 11 64GB - Green Verizon,0,0,0,Green,64GB,703
iPhone 11 64GB - Red Verizon,0,0,0,Red,64GB,703
iPhone 11 64GB - Red Verizon,0,0,0,Red,64GB,703
iPhone 11 64GB - Red Verizon,0,0,0,Red,64GB,703
iPhone 11 64GB - Red - Verizon,0,0,0,Red,64GB,703
iPhone 11 64GB - Red - Verizon,0,0,0,Red,64GB,703
iPhone 11 64GB - Red - Verizon,0,0,0,Red,64GB,703
iPhone 11 64GB - Red Verizon,0,0,0,Red,64GB,703
iPhone 11 64GB - Red - Verizon,0,0,0,Red,64GB,703
iPhone 11 64GB - Red - Verizon,0,0,0,Red,64GB,703
iPhone 11 64GB - Red - Verizon,0,0,0,Red,64GB,703
iPhone 11 64GB - Red T-Mobile,0,0,0,Red,64GB,708
iPhone 11 64GB - Red T-Mobile,0,0,0,Red,64GB,708
iPhone 11 64GB - Red T-Mobile,0,0,0,Red,64GB,708
iPhone 11 64GB - Red Verizon,0,0,0,Red,64GB,714
iPhone 11 128GB - White AT&T,0,0,0,White,128GB,714.99
iPhone 11 128GB - Red AT&T,0,0,0,Red,128GB,721
iPhone 11 256GB - Green T-Mobile,0,0,0,Green,256GB,733.4
iPhone 11 128GB - Red Unlocked,0,1,0,Red,128GB,739.99
iPhone 11 128GB - Black Verizon,0,0,0,Black,128GB,741
iPhone 11 128GB - Black Verizon,0,0,0,Black,128GB,741
iPhone 11 128GB - Black - Verizon,0,0,0,Black,128GB,741
iPhone 11 128GB - Black - Verizon,0,0,0,Black,128GB,741
iPhone 11 128GB - Black Verizon,0,0,0,Black,128GB,741
iPhone 11 128GB - Black Verizon,0,0,0,Black,128GB,741
iPhone 11 128GB - Black - Verizon,0,0,0,Black,128GB,741
iPhone 11 128GB - Black Verizon,0,0,0,Black,128GB,741
iPhone 11 128GB - Black - Verizon,0,0,0,Black,128GB,741
iPhone 11 128GB - Black Verizon,0,0,0,Black,128GB,741
iPhone 11 128GB - Black - Verizon,0,0,0,Black,128GB,741
iPhone 11 128GB - Black Verizon,0,0,0,Black,128GB,753
iPhone 11 Pro 64GB - Midnight Green - AT&T,1,0,0,Midnight Green,64GB,787.99
iPhone 11 128GB - Green Verizon,0,0,0,Green,128GB,797
iPhone 11 128GB - Green Verizon,0,0,0,Green,128GB,797
iPhone 11 128GB - Green Verizon,0,0,0,Green,128GB,797
iPhone 11 128GB - Green Verizon,0,0,0,Green,128GB,797
iPhone 11 128GB - Green Verizon,0,0,0,Green,128GB,797
iPhone 11 Pro 64GB - Green T-Mobile,1,0,0,Green,64GB,797.99
iPhone 11 Pro 64GB - Space Gray Xfinity,1,0,0,Space Gray,64GB,803.25
iPhone 11 256GB - White - Straight Talk,0,0,0,White,256GB,810.89
iPhone 11 64GB - White Sprint,0,0,0,White,64GB,812.99
iPhone 11 Pro 64GB - Midnight Green AT&T,1,0,0,Midnight Green,64GB,820
iPhone 11 Pro 64GB - Silver T-Mobile,1,0,0,Silver,64GB,829
iPhone 11 Pro 64GB - Space Gray T-Mobile,1,0,0,Space Gray,64GB,829
iPhone 11 Pro 64GB - Silver - Unlocked,1,1,0,Silver,64GB,839.99
iPhone 11 Pro 64GB - Silver - Unlocked,1,1,0,Silver,64GB,839.99
iPhone 11 Pro 64GB - Silver Unlocked,1,1,0,Silver,64GB,839.99
iPhone 11 Pro 64GB - Gold - Verizon,1,0,0,Gold,64GB,849
iPhone 11 256GB - Black Verizon,0,0,0,Black,256GB,849
iPhone 11 Pro 64GB - Silver AT&T,1,0,0,Silver,64GB,849.99
iPhone 11 Pro 64GB - Silver Verizon,1,0,0,Silver,64GB,849.99
iPhone 11 Pro 64GB - Silver Verizon,1,0,0,Silver,64GB,849.99
iPhone 11 Pro 64GB - Silver Verizon,1,0,0,Silver,64GB,849.99
iPhone 11 Pro 64GB - Gold T-Mobile,1,0,0,Gold,64GB,850.99
iPhone 11 Pro 64GB - Space Gray Sprint,1,0,0,Space Gray,64GB,874
iPhone 11 Pro 64GB - Gold Verizon,1,0,0,Gold,64GB,879
iPhone 11 Pro Max 64GB - Gold T-Mobile,1,0,1,Gold,64GB,900
iPhone 11 Pro Max 64GB - Gold Cricket,1,0,1,Gold,64GB,910.35
iPhone 11 Pro 64GB - Space Gray Verizon,1,0,0,Space Gray,64GB,918.99
iPhone 11 Pro Max 64GB - Silver Verizon,1,0,1,Silver,64GB,922.99
iPhone 11 Pro 64GB - Midnight Green Verizon,1,0,0,Midnight Green,64GB,922.99
iPhone 11 Pro 64GB - Gold Verizon,1,0,0,Gold,64GB,922.99
iPhone 11 Pro Max 64GB - Midnight Green Verizon,1,0,1,Midnight Green,64GB,933.99
iPhone 11 Pro Max 64GB - Space Grey Sprint,1,0,1,0,64GB,939
iPhone 11 Pro 256GB - Midnight Green AT&T,1,0,0,Midnight Green,256GB,944.99
iPhone 11 Pro Max 64GB - Midnight Green Sprint,1,0,1,Midnight Green,64GB,950
iPhone 11 Pro Max 64GB - Silver - Sprint,1,0,1,Silver,64GB,959
iPhone 11 Pro Max 64GB - Space Grey Sprint,1,0,1,0,64GB,968
iPhone 11 Pro Max 64GB - Midnight Green Verizon,1,0,1,Midnight Green,64GB,979
iPhone 11 Pro 256GB - Gray Verizon,1,0,0,Gray,256GB,986.99
iPhone 11 Pro Max 64GB - Space Gray - Verizon,1,0,1,Space Gray,64GB,986.99
iPhone 11 Pro 256GB - Midnight Green - Verizon,1,0,0,Midnight Green,256GB,989.99
iPhone 11 Pro 256GB - Midnight Green - Unlocked,1,1,0,Midnight Green,256GB,989.99
iPhone 11 Pro 256GB - Midnight Green Unlocked,1,1,0,Midnight Green,256GB,989.99
iPhone 11 Pro Max 64GB - Silver Unlocked,1,1,1,Silver,64GB,997
iPhone 11 Pro Max 64GB - Midnight Green Unlocked,1,1,1,Midnight Green,64GB,997
iPhone 11 Pro Max 64GB - Green Verizon,1,0,1,Green,64GB,997
iPhone 11 Pro 512GB - Space Gray Verizon,1,0,0,Space Gray,512GB,997.99
iPhone 11 Pro Max 256GB - Gold Unlocked,1,1,1,Gold,256GB,999
iPhone 11 Pro Max 256GB - Silver Xfinity,1,0,1,Silver,256GB,1005.03
iPhone 11 Pro Max 256GB - Midnight Green T-Mobile,1,0,1,Midnight Green,256GB,1029
iPhone 11 Pro 512GB - Silver Sprint,1,0,0,Silver,512GB,1039.99
iPhone 11 Pro 512GB - Silver AT&T,1,0,0,Silver,512GB,1039.99
iPhone 11 Pro 512GB - Silver T-Mobile,1,0,0,Silver,512GB,1039.99
iPhone 11 Pro 512GB - Silver Verizon,1,0,0,Silver,512GB,1039.99
iPhone 11 Pro 512GB - Silver Verizon,1,0,0,Silver,512GB,1039.99
iPhone 11 Pro 512GB - Silver Verizon,1,0,0,Silver,512GB,1039.99
iPhone 11 Pro 512GB - Space Gray Verizon,1,0,0,Space Gray,512GB,1049.99
iPhone 11 Pro 512GB - Space Gray T-Mobile,1,0,0,Space Gray,512GB,1049.99
iPhone 11 Pro 512GB - Space Gray Verizon,1,0,0,Space Gray,512GB,1049.99
iPhone 11 Pro Max 64GB - Space Gray Verizon,1,0,1,Space Gray,64GB,1049.99
iPhone 11 Pro 256GB - Green Verizon,1,0,0,Green,256GB,1049.99
iPhone 11 Pro Max 512GB - Gold Sprint,1,0,1,Gold,512GB,1049.99
iPhone 11 Pro Max 256GB - Midnight Green Verizon,1,0,1,Midnight Green,256GB,1072.99
iPhone 11 Pro Max 256GB - Silver Verizon,1,0,1,Silver,256GB,1076.99
iPhone 11 Pro Max 256GB - Space Grey Unlocked,1,1,1,0,256GB,1089.99
